<?xml version='1.0' encoding='UTF-8'?>
<package version="0.0.0" uuid="wikipedia_search-a7d665">
 <names>
  <name lang="en_US">wikipedia_search_Aurore</name>
 </names>
 <descriptions>
  <description lang="en_US">Search a given expression on Wikipedia and return the summary of the page.
Try: "wikipédia"</description>
  <description lang="fr_FR">Cherche une expression donnée sur Wikipédia et renvoie le résumé de la page.
Teste : "wikipédia"</description>
 </descriptions>
 <supportedLanguages>
  <language>en_US</language>
  <language>fr_FR</language>
 </supportedLanguages>
 <descriptionLanguages>
  <language>en_US</language>
  <language>fr_FR</language>
 </descriptionLanguages>
 <contents>
  <behaviorContent path="search_word">
   <nature>interactive</nature>
   <triggerSentences>
    <sentence lang="fr_FR">wikipédia</sentence>
    <sentence lang="fr_FR">wikipedia</sentence>
   </triggerSentences>
   <permissions/>
  </behaviorContent>
 </contents>
</package>
