<?xml version='1.0' encoding='UTF-8'?>
<package version="0.0.0" uuid="smartroom_explanations-38713e">
 <names>
  <name lang="en_US">smartroom_explanations_Aurore</name>
  <name lang="fr_FR">smartroom_explanations_Aurore</name>
 </names>
 <descriptions>
  <description lang="en_US">Give explanations about the smartroom.
Try: "où es-tu", "où sommes-nous" or "qui travaille ici", "qui travaille dans l'appartement" or "qu'est-ce qu'il y a dans l'appartement", "qu'est-ce qu'il y a ici"</description>
  <description lang="fr_FR">Donne des explications sur l'appartement intelligent.
Teste : "où es-tu", "où sommes-nous" ou "qui travaille ici", "qui travaille dans l'appartement" ou "qu'est-ce qu'il y a dans l'appartement", "qu'est-ce qu'il y a ici"</description>
 </descriptions>
 <supportedLanguages>
  <language>en_US</language>
  <language>fr_FR</language>
 </supportedLanguages>
 <descriptionLanguages>
  <language>en_US</language>
  <language>fr_FR</language>
 </descriptionLanguages>
 <contents>
  <behaviorContent path="smartroom_description">
   <nature>interactive</nature>
   <triggerSentences>
    <sentence lang="fr_FR">où es-tu</sentence>
    <sentence lang="fr_FR">où sommes-nous</sentence>
   </triggerSentences>
   <permissions/>
  </behaviorContent>
  <behaviorContent path="smartroom_team">
   <nature>interactive</nature>
   <triggerSentences>
    <sentence lang="fr_FR">qui travaille ici</sentence>
    <sentence lang="fr_FR">qui travaille dans l'appartement</sentence>
   </triggerSentences>
   <permissions/>
  </behaviorContent>
  <behaviorContent path="smartroom_content">
   <nature>interactive</nature>
   <triggerSentences>
    <sentence lang="fr_FR">qu'est-ce qu'il y a dans l'appartement</sentence>
    <sentence lang="fr_FR">qu'est-ce qu'il y a ici</sentence>
   </triggerSentences>
   <permissions/>
  </behaviorContent>
 </contents>
</package>
