<?xml version='1.0' encoding='UTF-8'?>
<package version="0.0.0" uuid="fairedemo-a73465">
 <names>
  <name lang="en_US">Untitled</name>
 </names>
 <supportedLanguages>
  <language>en_US</language>
  <language>fr_FR</language>
 </supportedLanguages>
 <descriptionLanguages>
  <language>en_US</language>
  <language>fr_FR</language>
 </descriptionLanguages>
 <contents>
  <behaviorContent path="behavior_1">
   <userRequestable/>
   <nature>interactive</nature>
   <triggerSentences>
    <sentence lang="fr_FR">Fais la démo</sentence>
   </triggerSentences>
   <loadingResponses/>
   <autonomous/>
   <permissions/>
  </behaviorContent>
 </contents>
</package>
