<?xml version='1.0' encoding='UTF-8'?>
<package version="0.0.0" uuid="give_mood-6aef8f">
 <names>
  <name lang="en_US">give_mood_Aurore</name>
 </names>
 <descriptions>
  <description lang="en_US">Give your mood.
Try: "devine quelle est mon humeur", "quelle est mon humeur"</description>
  <description lang="fr_FR">Donne ton humeur.
Teste : "devine quelle est mon humeur", "quelle est mon humeur"</description>
 </descriptions>
 <supportedLanguages>
  <language>en_US</language>
  <language>fr_FR</language>
 </supportedLanguages>
 <descriptionLanguages>
  <language>en_US</language>
  <language>fr_FR</language>
 </descriptionLanguages>
 <contents>
  <behaviorContent path="say_mood">
   <nature>interactive</nature>
   <triggerSentences>
    <sentence lang="fr_FR">devine quelle est mon humeur</sentence>
    <sentence lang="fr_FR">quelle est mon humeur</sentence>
   </triggerSentences>
   <permissions/>
  </behaviorContent>
 </contents>
</package>
