<?xml version='1.0' encoding='UTF-8'?>
<package version="0.0.0" uuid="diverse_animations-10e1e6">
 <names>
  <name lang="en_US">diverse_animations_Aurore</name>
 </names>
 <descriptions>
  <description lang="en_US">Play various animations.
Try: "fais de la musique", "joue de la musique" or "imite un animal" or "danse", "danse avec moi"</description>
  <description lang="fr_FR">Joue différentes animations.
Teste : "fais de la musique", "joue de la musique" ou "imite un animal" ou "danse", "danse avec moi"</description>
 </descriptions>
 <supportedLanguages>
  <language>en_US</language>
  <language>fr_FR</language>
 </supportedLanguages>
 <descriptionLanguages>
  <language>en_US</language>
  <language>fr_FR</language>
 </descriptionLanguages>
 <contents>
  <behaviorContent path="do_music">
   <nature>interactive</nature>
   <triggerSentences>
    <sentence lang="fr_FR">fais de la musique</sentence>
    <sentence lang="fr_FR">joue de la musique</sentence>
   </triggerSentences>
   <permissions/>
  </behaviorContent>
  <behaviorContent path="play_dance">
   <nature>interactive</nature>
   <triggerSentences>
    <sentence lang="fr_FR">danse</sentence>
    <sentence lang="fr_FR">danse avec moi</sentence>
   </triggerSentences>
   <permissions/>
  </behaviorContent>
  <behaviorContent path="imitate_animal">
   <nature>interactive</nature>
   <triggerSentences>
    <sentence lang="fr_FR">imite un animal</sentence>
   </triggerSentences>
   <permissions/>
  </behaviorContent>
 </contents>
</package>
