<?xml version='1.0' encoding='UTF-8'?>
<package uuid="set_eyes-5790b7" version="0.0.0">
 <names>
  <name lang="en_US">set_eyes_Aurore</name>
 </names>
 <descriptions>
  <description lang="en_US">Change the eyes' color for some seconds.
Try: "change la couleur de tes yeux"</description>
  <description lang="fr_FR">Cahnge la couleur des yeux pour quelques secondes.
Teste : "change la couleur de tes yeux"</description>
 </descriptions>
 <supportedLanguages>
  <language>en_US</language>
  <language>fr_FR</language>
 </supportedLanguages>
 <descriptionLanguages>
  <language>en_US</language>
  <language>fr_FR</language>
 </descriptionLanguages>
 <contents>
  <behaviorContent path="set_color">
   <nature>interactive</nature>
   <triggerSentences>
    <sentence lang="fr_FR">change la couleur de tes yeux</sentence>
   </triggerSentences>
   <loadingResponses/>
   <autonomous/>
   <permissions/>
  </behaviorContent>
 </contents>
</package>
