<?xml version='1.0' encoding='UTF-8'?>
<package version="0.0.0" uuid="give_age-945216">
 <names>
  <name lang="en_US">give_age_Aurore</name>
 </names>
 <descriptions>
  <description lang="en_US">Try to give you an age.
Try: "donne-moi un âge", "devine quel est mon âge"</description>
  <description lang="fr_FR">Essaye de te donner un âge.
Teste : "donne-moi un âge", "devine quel est mon âge"</description>
 </descriptions>
 <supportedLanguages>
  <language>en_US</language>
  <language>fr_FR</language>
 </supportedLanguages>
 <descriptionLanguages>
  <language>en_US</language>
  <language>fr_FR</language>
 </descriptionLanguages>
 <contents>
  <behaviorContent path="guess_age">
   <nature>interactive</nature>
   <triggerSentences>
    <sentence lang="fr_FR">donne-moi un âge</sentence>
    <sentence lang="fr_FR">devine quel est mon âge</sentence>
   </triggerSentences>
   <permissions/>
  </behaviorContent>
 </contents>
</package>
