<?xml version='1.0' encoding='UTF-8'?>
<package uuid="what_is_the_date-c7274b" version="0.0.0">
 <names>
  <name lang="en_US">what_is_the_date_Aurore</name>
 </names>
 <descriptions>
  <description lang="en_US">Give the date.
Try: "quel jour sommes-nous", "quelle est la date", "donne-moi la date"</description>
  <description lang="fr_FR">Donne la date.
Teste : "quel jour sommes-nous" "quelle est la date", "donne-moi la date"</description>
 </descriptions>
 <supportedLanguages>
  <language>en_US</language>
  <language>fr_FR</language>
 </supportedLanguages>
 <descriptionLanguages>
  <language>en_US</language>
  <language>fr_FR</language>
 </descriptionLanguages>
 <contents>
  <behaviorContent path="get_date">
   <nature>interactive</nature>
   <triggerSentences>
    <sentence lang="fr_FR">quel jour sommes-nous</sentence>
    <sentence lang="fr_FR">quelle est la date</sentence>
   </triggerSentences>
   <permissions/>
  </behaviorContent>
 </contents>
</package>
