<?xml version='1.0' encoding='UTF-8'?>
<package uuid="count_up_to-54421d" version="0.0.0">
 <names>
  <name lang="en_US">count_up_to_Aurore</name>
  <name lang="fr_FR">count_up_to_Aurore</name>
 </names>
 <descriptions>
  <description lang="en_US">Count up to the value given.
Try: "compte", "compte avec moi"</description>
  <description lang="fr_FR">Compte jusqu'à la valeur donnée.
Teste : compte", "compte avec moi"</description>
 </descriptions>
 <supportedLanguages>
  <language>en_US</language>
  <language>fr_FR</language>
 </supportedLanguages>
 <descriptionLanguages>
  <language>en_US</language>
  <language>fr_FR</language>
 </descriptionLanguages>
 <contents>
  <behaviorContent path="count">
   <nature>interactive</nature>
   <triggerSentences>
    <sentence lang="fr_FR">compte</sentence>
    <sentence lang="fr_FR">compte avec moi</sentence>
   </triggerSentences>
   <permissions/>
  </behaviorContent>
 </contents>
</package>
