<?xml version='1.0' encoding='UTF-8'?>
<package uuid="face_learning-831979" version="0.0.0">
 <names>
  <name lang="en_US">face_learning_Aurore</name>
 </names>
 <descriptions>
  <description lang="en_US">Learn or unlearn to recognize faces.
Try: "apprends mon visage", "apprends à me reconnaître" or "oublie mon visage", "efface mon visage" or "oublie tous les visages", "efface tous les visages" or "bonjour robot"</description>
  <description lang="fr_FR">Apprend ou desapprend à reconnaître des visages.
Teste : "apprends mon visage", "apprends à me reconnaître" ou "oublie mon visage", "efface mon visage" ou "oublie tous les visages", "efface tous les visages" ou "bonjour robot"</description>
 </descriptions>
 <supportedLanguages>
  <language>en_US</language>
  <language>fr_FR</language>
 </supportedLanguages>
 <descriptionLanguages>
  <language>en_US</language>
  <language>fr_FR</language>
 </descriptionLanguages>
 <contents>
  <behaviorContent path="erase_faces">
   <nature>interactive</nature>
   <triggerSentences>
    <sentence lang="fr_FR">oublie tous les visages</sentence>
    <sentence lang="fr_FR">efface tous les visages</sentence>
   </triggerSentences>
   <permissions/>
  </behaviorContent>
  <behaviorContent path="learn_face">
   <nature>interactive</nature>
   <triggerSentences>
    <sentence lang="fr_FR">apprends mon visage</sentence>
    <sentence lang="fr_FR">apprends à me reconnaître</sentence>
   </triggerSentences>
   <permissions/>
  </behaviorContent>
  <behaviorContent path="erase_one_face">
   <nature>interactive</nature>
   <triggerSentences>
    <sentence lang="fr_FR">oublie mon visage</sentence>
    <sentence lang="fr_FR">efface mon visage</sentence>
   </triggerSentences>
   <permissions/>
  </behaviorContent>
  <behaviorContent path="meet_face">
   <nature>interactive</nature>
   <permissions/>
  </behaviorContent>
 </contents>
</package>
