<?xml version='1.0' encoding='UTF-8'?>
<package version="0.0.0" uuid="testbonjour4-342903">
 <names>
  <name lang="en_US">Boss</name>
 </names>
 <descriptions>
  <description lang="en_US">Test</description>
  <description lang="fr_FR">Test</description>
 </descriptions>
 <supportedLanguages>
  <language>en_US</language>
  <language>fr_FR</language>
 </supportedLanguages>
 <descriptionLanguages>
  <language>en_US</language>
  <language>fr_FR</language>
 </descriptionLanguages>
 <contents>
  <behaviorContent path="behavior_1">
   <userRequestable/>
   <nature>interactive</nature>
   <names>
    <name lang="en_US">Bonjour</name>
    <name lang="fr_FR">Bonjour</name>
   </names>
   <descriptions>
    <description lang="en_US">Test</description>
    <description lang="fr_FR">Test</description>
   </descriptions>
   <triggerSentences>
    <sentence lang="fr_FR">Qui est ton boss</sentence>
   </triggerSentences>
   <permissions/>
  </behaviorContent>
  <behaviorContent path="get_name_activity">
   <nature>interactive</nature>
   <triggerSentences>
    <sentence lang="fr_FR">Change de boss</sentence>
   </triggerSentences>
   <permissions/>
  </behaviorContent>
 </contents>
</package>
