<?xml version='1.0' encoding='UTF-8'?>
<package version="0.0.0" uuid="who_is_the_boss-a53d9f">
 <names>
  <name lang="en_US">who_is_the_boss_Aurore</name>
  <name lang="fr_FR">qui_est_le_boss</name>
 </names>
 <descriptions>
  <description lang="en_US">Get and set the owner of Pepper.

Try: "qui est le boss", "qui est ton boss", "pour qui travailles-tu" or "change le boss", "change ton boss"</description>
  <description lang="fr_FR">Get et set le propriétaire de Pepper.

Teste : "qui est le boss", "qui est ton boss", "pour qui travailles-tu" ou "change le boss", "change ton boss"</description>
 </descriptions>
 <supportedLanguages>
  <language>en_US</language>
  <language>fr_FR</language>
 </supportedLanguages>
 <descriptionLanguages>
  <language>en_US</language>
  <language>fr_FR</language>
 </descriptionLanguages>
 <contents>
  <behaviorContent path="get_owner">
   <nature>interactive</nature>
   <triggerSentences>
    <sentence lang="fr_FR">qui est le boss</sentence>
    <sentence lang="fr_FR">qui est ton boss</sentence>
    <sentence lang="fr_FR">pour qui travailles-tu</sentence>
   </triggerSentences>
   <permissions/>
  </behaviorContent>
  <behaviorContent path="set_owner">
   <nature>interactive</nature>
   <triggerSentences>
    <sentence lang="fr_FR">change le boss</sentence>
    <sentence lang="fr_FR">change ton boss</sentence>
   </triggerSentences>
   <permissions/>
  </behaviorContent>
 </contents>
</package>
