<?xml version='1.0' encoding='UTF-8'?>
<package version="0.0.0" uuid="give_gender-485348">
 <names>
  <name lang="en_US">give_gender_Aurore</name>
 </names>
 <descriptions>
  <description lang="en_US">Give the gender.
Try: "suis-je un garçon ou une fille", "est-ce que je suis un garçon ou une fille"</description>
  <description lang="fr_FR">Donne le genre de la personne.
Teste : "suis-je un garçon ou une fille", "est-ce que je suis un garçon ou une fille"</description>
 </descriptions>
 <supportedLanguages>
  <language>en_US</language>
  <language>fr_FR</language>
 </supportedLanguages>
 <descriptionLanguages>
  <language>en_US</language>
  <language>fr_FR</language>
 </descriptionLanguages>
 <contents>
  <behaviorContent path="guess_gender">
   <nature>interactive</nature>
   <triggerSentences>
    <sentence lang="fr_FR">suis-je un garçon ou une fille</sentence>
    <sentence lang="fr_FR">est-ce que je suis un garçon ou une fille</sentence>
   </triggerSentences>
   <permissions/>
  </behaviorContent>
 </contents>
</package>
