<?xml version='1.0' encoding='UTF-8'?>
<package version="0.0.0" uuid="take_picture-8d254a">
 <names>
  <name lang="en_US">take_picture_Aurore</name>
 </names>
 <descriptions>
  <description lang="en_US">Take a picture, display it and eventually send it by email.
Try: "Prends une photo" "Prends-moi en photo"</description>
  <description lang="fr_FR">Prend une photo, l'affiche et l'envoie éventuellement par mail.
Teste : "Prends une photo" "Prends-moi en photo"</description>
 </descriptions>
 <supportedLanguages>
  <language>en_US</language>
  <language>fr_FR</language>
 </supportedLanguages>
 <descriptionLanguages>
  <language>en_US</language>
  <language>fr_FR</language>
 </descriptionLanguages>
 <contents>
  <behaviorContent path="one_picture">
   <nature>interactive</nature>
   <triggerSentences>
    <sentence lang="fr_FR">Prends une photo</sentence>
    <sentence lang="fr_FR">Prends-moi en photo</sentence>
   </triggerSentences>
   <permissions/>
  </behaviorContent>
 </contents>
</package>
